{
  "poses": [
    {
      "pose_name": "Vrikshasana (Tree) Pose",
      "reference_angles": {
        "left_knee": 58.13918908267043,
        "right_knee": 179.81329725199362,
        "left_elbow": 156.3430632515688,
        "right_elbow": 159.71915129754166,
        "left_shoulder": 175.4462726004225,
        "right_shoulder": 179.78770553556691,
        "left_hip": 129.8334426257295,
        "right_hip": 178.12589095529827
      },
      "deviations": {
        "left_knee": 10.0,
        "right_knee": 10.0,
        "left_elbow": 10.0,
        "right_elbow": 10.0,
        "left_shoulder": 10.0,
        "right_shoulder": 10.0,
        "left_hip": 10.0,
        "right_hip": 10.0
      }
    },
    {
      "pose_name": "Veerabhadrasana (Warrior) Pose",
      "reference_angles": {
        "left_knee": 123.88751066224823,
        "right_knee": 175.74311113773763,
        "left_elbow": 179.11416198353507,
        "right_elbow": 168.88121457178465,
        "left_shoulder": 106.34529307055162,
        "right_shoulder": 102.14343970578093,
        "left_hip": 109.93668017932706,
        "right_hip": 143.55869674873856
      },
      "deviations": {
        "left_knee": 10.0,
        "right_knee": 10.0,
        "left_elbow": 15.0,
        "right_elbow": 10.0,
        "left_shoulder": 10.0,
        "right_shoulder": 10.0,
        "left_hip": 10.0,
        "right_hip": 25.0
      }
    },
    {
      "pose_name": "Utkata Konasana",
      "reference_angles": {
        "left_knee": 107.66959707462678,
        "right_knee": 111.28162926808199,
        "left_elbow": 82.93549715548406,
        "right_elbow": 95.53968567714357,
        "left_shoulder": 79.57137028778766,
        "right_shoulder": 83.79393070018631,
        "left_hip": 102.98742675496348,
        "right_hip": 108.11039960176183
      },
      "deviations": {
        "left_knee": 15.0,
        "right_knee": 15.0,
        "left_elbow": 15.0,
        "right_elbow": 15.0,
        "left_shoulder": 10.0,
        "right_shoulder": 10.0,
        "left_hip": 20.0,
        "right_hip": 20.0
      }
    },
    {
      "pose_name": "Trikonasana (Triangle) Pose",
      "reference_angles": {
        "left_knee": 177.44132655325276,
        "right_knee": 174.65242159912512,
        "left_elbow": 178.0121165634864,
        "right_elbow": 166.03581052980564,
        "left_shoulder": 83.6137915418307,
        "right_shoulder": 118.11019344357294,
        "left_hip": 59.187757771784675,
        "right_hip": 154.18064020523167
      },
      "deviations": {
        "left_knee": 20.0,
        "right_knee": 20.0,
        "left_elbow": 20.0,
        "right_elbow": 20.0,
        "left_shoulder": 20.0,
        "right_shoulder": 20.0,
        "left_hip": 20.0,
        "right_hip": 30.0
      }
    },
    {
      "pose_name": "Natarajasana",
      "reference_angles": {
        "left_knee": 99.93846268366141,
        "right_knee": 160.78500297443128,
        "left_elbow": 177.3011627788506,
        "right_elbow": 163.22555699736446,
        "left_shoulder": 62.760270919802814,
        "right_shoulder": 172.31564544496362,
        "left_hip": 99.27410614755414,
        "right_hip": 123.500471605563
      },
      "deviations": {
        "left_knee": 30.0,
        "right_knee": 50.0,
        "left_elbow": 40.0,
        "right_elbow": 20.0,
        "left_shoulder": 20.0,
        "right_shoulder": 40.0,
        "left_hip": 40.0,
        "right_hip": 40.0
      }
    },
    {
      "pose_name": "Downward Dog Pose",
      "reference_angles": {
        "left_knee": 175.27767268579342,
        "right_knee": 173.72856125781703,
        "left_elbow": 171.21172845339223,
        "right_elbow": 171.78159341573502,
        "left_shoulder": 168.98814117068022,
        "right_shoulder": 167.62971791961775,
        "left_hip": 64.27918265021759,
        "right_hip": 64.65978019124735
      },
      "deviations": {
        "left_knee": 20.0,
        "right_knee": 20.0,
        "left_elbow": 10.0,
        "right_elbow": 10.0,
        "left_shoulder": 40.0,
        "right_shoulder": 40.0,
        "left_hip": 30.0,
        "right_hip": 30.0
      }
    },
    {
      "pose_name": "Baddha Konasana",
      "reference_angles": {
        "left_knee": 43.54674681490753,
        "right_knee": 40.43924431181575,
        "left_elbow": 167.10578428969566,
        "right_elbow": 167.28546197541954,
        "left_shoulder": 7.720545986300711,
        "right_shoulder": 7.2681792803506635,
        "left_hip": 101.14282462908044,
        "right_hip": 90.46423503232971
      },
      "deviations": {
        "left_knee": 30.0,
        "right_knee": 30.0,
        "left_elbow": 20.0,
        "right_elbow": 20.0,
        "left_shoulder": 10.0,
        "right_shoulder": 10.0,
        "left_hip": 25.0,
        "right_hip": 30.0
      }
    },
    {
      "pose_name": "Malasana (Garland) Pose",
      "reference_angles": {
        "left_knee": 22.278893129665295,
        "right_knee": 20.49189046731042,
        "left_elbow": 41.1177809509355,
        "right_elbow": 49.0219598523263,
        "left_shoulder": 26.415274240534572,
        "right_shoulder": 24.795677130805398,
        "left_hip": 22.269182357034044,
        "right_hip": 20.5293825793584
      },
      "deviations": {
        "left_knee": 10.0,
        "right_knee": 10.0,
        "left_elbow": 20.0,
        "right_elbow": 20.0,
        "left_shoulder": 10.0,
        "right_shoulder": 10.0,
        "left_hip": 20.0,
        "right_hip": 20.0
      }
    },
    {
      "pose_name": "Utkatasana (Chair) Pose",
      "reference_angles": {
        "left_knee": 60.29726129762899,
        "right_knee": 55.56126590010912,
        "left_elbow": 167.3010303480652,
        "right_elbow": 162.03719566088364,
        "left_shoulder": 159.29990898218523,
        "right_shoulder": 156.5901626096391,
        "left_hip": 62.56229087529016,
        "right_hip": 60.463943232471856
      },
      "deviations": {
        "left_knee": 20.0,
        "right_knee": 20.0,
        "left_elbow": 10.0,
        "right_elbow": 10.0,
        "left_shoulder": 10.0,
        "right_shoulder": 10.0,
        "left_hip": 30.0,
        "right_hip": 30.0
      }
    },
    {
      "pose_name": "Ananda Balasana",
      "reference_angles": {
        "left_knee": 125.51261024345102,
        "right_knee": 127.80460656500878,
        "left_elbow": 174.43828518886156,
        "right_elbow": 173.791271873366,
        "left_shoulder": 85.67092904080363,
        "right_shoulder": 86.88366101702404,
        "left_hip": 39.410979835196336,
        "right_hip": 42.04913518253644
      },
      "deviations": {
        "left_knee": 10.0,
        "right_knee": 10.0,
        "left_elbow": 10.0,
        "right_elbow": 10.0,
        "left_shoulder": 10.0,
        "right_shoulder": 20.0,
        "left_hip": 25.0,
        "right_hip": 25.0
      }
    },
    {
      "pose_name": "Anantasana",
      "reference_angles": {
        "left_knee": 161.3914775180899,
        "right_knee": 168.87219964204883,
        "left_elbow": 178.54261189011675,
        "right_elbow": 47.24164727046258,
        "left_shoulder": 97.54598287014588,
        "right_shoulder": 159.9578921992497,
        "left_hip": 66.86687358912006,
        "right_hip": 167.4564923288906
      },
      "deviations": {
        "left_knee": 10.0,
        "right_knee": 10.0,
        "left_elbow": 10.0,
        "right_elbow": 10.0,
        "left_shoulder": 20.0,
        "right_shoulder": 10.0,
        "left_hip": 10.0,
        "right_hip": 30.0
      }
    },
    {
      "pose_name": "Bhujangasana (Cobra) Pose",
      "reference_angles": {
        "left_knee": 159.61651681937835,
        "right_knee": 160.70284750538613,
        "left_elbow": 151.34768662041617,
        "right_elbow": 150.90864266832708,
        "left_shoulder": 5.735036063628334,
        "right_shoulder": 5.222861492980655,
        "left_hip": 135.06579787567404,
        "right_hip": 133.8666996203462
      },